﻿<?xml version="1.0" encoding="utf-8"?>
<DacOrigin xmlns="http://schemas.microsoft.com/sqlserver/dac/Serialization/2012/02">
  <PackageProperties>
    <Version>3.1.0.0</Version>
    <ContainsExportedData>true</ContainsExportedData>
    <StreamVersions>
      <Version StreamName="Data">2.0.0.0</Version>
    </StreamVersions>
  </PackageProperties>
  <Operation>
    <Identity>ca010479-f4ad-4729-95e1-85e4d2366327</Identity>
    <Start>2013-03-16T14:59:01.0208953+00:00</Start>
    <End>0001-01-01T00:00:00.0000000</End>
    <ProductName>Microsoft.SqlServer.Dac, Version=10.3.0.0, Culture=neutral, PublicKeyToken=b03f5f7f11d50a3a</ProductName>
    <ProductVersion>10.3.0.0</ProductVersion>
    <ProductSchema>http://schemas.microsoft.com/sqlserver/dac/Serialization/2012/02</ProductSchema>
  </Operation>
  <Server>
    <ServerVersion>Microsoft SQL Azure (RTM) - 11.0.2295.0 
	Feb 15 2013 18:38:26 
	Copyright (c) Microsoft Corporation
</ServerVersion>
    <ObjectCounts>
      <DatabaseOptions>1</DatabaseOptions>
      <Login>1</Login>
      <PermissionStatement>3</PermissionStatement>
      <PrimaryKeyConstraint>5</PrimaryKeyConstraint>
      <Schema>1</Schema>
      <SimpleColumn>30</SimpleColumn>
      <Table>5</Table>
      <User>1</User>
    </ObjectCounts>
  </Server>
  <ExportStatistics>
    <SourceDatabaseSize>304</SourceDatabaseSize>
    <TableRowCountTotalTag>31</TableRowCountTotalTag>
  </ExportStatistics>
  <Checksums>
    <Checksum Uri="/model.xml">63F26A863408213EDE1E8D9FF9ADAA064127CD2E18A4BB14EE1CD5FF7BCAEDF5</Checksum>
  </Checksums>
</DacOrigin>